RAWsites2019,CompDate,CompName,CompWebsite,Year,Month,Day
2017.06.03 - Annapolis Irish Festival & Band Competition,2017.06.03 , Annapolis Irish Festival & Band Competition,https://competitionmanager.azurewebsites.net/Reports/VenueReport/85,2017,6,3
2018.04.14 - Arkansas Scottish Festival,2018.04.14 , Arkansas Scottish Festival,https://competitionmanager.azurewebsites.net/Reports/VenueReport/126,2018,4,14
2017.04.08 - Arkansas Scottish Festival,2017.04.08 , Arkansas Scottish Festival,https://competitionmanager.azurewebsites.net/Reports/VenueReport/78,2017,4,8
2016.04.09 - Arkansas Scottish Festival,2016.04.09 , Arkansas Scottish Festival,https://competitionmanager.azurewebsites.net/Reports/VenueReport/17,2016,4,9
2017.08.19 - Atlanta Indoor Solo Piping Contest,2017.08.19 , Atlanta Indoor Solo Piping Contest,https://competitionmanager.azurewebsites.net/Reports/VenueReport/98,2017,8,19
2016.08.27 - Atlanta Indoor Solo Piping Contest,2016.08.27 , Atlanta Indoor Solo Piping Contest,https://competitionmanager.azurewebsites.net/Reports/VenueReport/45,2016,8,27
2019.06.01 - Austin Piping Competition,2019.06.01 , Austin Piping Competition,https://competitionmanager.azurewebsites.net/Reports/VenueReport/188,2019,6,1
2018.06.02 - Austin Piping Competition,2018.06.02 , Austin Piping Competition,https://competitionmanager.azurewebsites.net/Reports/VenueReport/139,2018,6,2
2017.06.03 - Austin Piping Competition,2017.06.03 , Austin Piping Competition,https://competitionmanager.azurewebsites.net/Reports/VenueReport/89,2017,6,3
2016.06.04 - Austin Piping Competition,2016.06.04 , Austin Piping Competition,https://competitionmanager.azurewebsites.net/Reports/VenueReport/24,2016,6,4
2019.11.17 - Battle of the Bayou,2019.11.17 , Battle of the Bayou,https://competitionmanager.azurewebsites.net/Reports/VenueReport/216,2019,11,17
2019.11.16 - Battle of the Bayou,2019.11.16 , Battle of the Bayou,https://competitionmanager.azurewebsites.net/Reports/VenueReport/215,2019,11,16
2018.11.18 - Battle of the Bayou,2018.11.18 , Battle of the Bayou,https://competitionmanager.azurewebsites.net/Reports/VenueReport/166,2018,11,18
2018.11.17 - Battle of the Bayou,2018.11.17 , Battle of the Bayou,https://competitionmanager.azurewebsites.net/Reports/VenueReport/165,2018,11,17
2017.11.19 - Battle of the Bayou,2017.11.19 , Battle of the Bayou,https://competitionmanager.azurewebsites.net/Reports/VenueReport/114,2017,11,19
2017.11.18 - Battle of the Bayou,2017.11.18 , Battle of the Bayou,https://competitionmanager.azurewebsites.net/Reports/VenueReport/113,2017,11,18
2016.11.20 - Battle of the Bayou,2016.11.20 , Battle of the Bayou,https://competitionmanager.azurewebsites.net/Reports/VenueReport/62,2016,11,20
2016.11.19 - Battle of the Bayou,2016.11.19 , Battle of the Bayou,https://competitionmanager.azurewebsites.net/Reports/VenueReport/61,2016,11,19
2019.02.23 - Capital District Indoor,2019.02.23 , Capital District Indoor,https://competitionmanager.azurewebsites.net/Reports/VenueReport/171,2019,2,23
2019.05.11 - Capital District Outdoor,2019.05.11 , Capital District Outdoor,https://competitionmanager.azurewebsites.net/Reports/VenueReport/184,2019,5,11
2018.05.12 - Capital District Outdoor,2018.05.12 , Capital District Outdoor,https://competitionmanager.azurewebsites.net/Reports/VenueReport/132,2018,5,12
2017.05.06 - Capital District Outdoor,2017.05.06 , Capital District Outdoor,https://competitionmanager.azurewebsites.net/Reports/VenueReport/81,2017,5,6
2016.05.07 - Capital District Outdoor,2016.05.07 , Capital District Outdoor,https://competitionmanager.azurewebsites.net/Reports/VenueReport/20,2016,5,7
2019.08.31 - Capital District Scottish Games,2019.08.31 , Capital District Scottish Games,https://competitionmanager.azurewebsites.net/Reports/VenueReport/202,2019,8,31
2018.09.01 - Capital District Scottish Games,2018.09.01 , Capital District Scottish Games,https://competitionmanager.azurewebsites.net/Reports/VenueReport/152,2018,9,1
2017.09.02 - Capital District Scottish Games (9/2/2017 - 9/3/2017),2017.09.02 , Capital District Scottish Games,https://competitionmanager.azurewebsites.net/Reports/VenueReport/102,2017,9,2
2016.09.03 - Capital District Scottish Games,2016.09.03 , Capital District Scottish Games,https://competitionmanager.azurewebsites.net/Reports/VenueReport/48,2016,9,3
2019.03.09 - Cary Indoor Solo Piping,2019.03.09 , Cary Indoor Solo Piping,https://competitionmanager.azurewebsites.net/Reports/VenueReport/175,2019,3,9
2018.03.10 - Cary Indoor Solo Piping,2018.03.10 , Cary Indoor Solo Piping,https://competitionmanager.azurewebsites.net/Reports/VenueReport/123,2018,3,10
2017.03.25 - Cary Indoor Solo Piping,2017.03.25 , Cary Indoor Solo Piping,https://competitionmanager.azurewebsites.net/Reports/VenueReport/73,2017,3,25
2016.04.02 - Cary Indoor Solo Piping,2016.04.02 , Cary Indoor Solo Piping,https://competitionmanager.azurewebsites.net/Reports/VenueReport/6,2016,4,2
2019.02.16 - Casco Bay Solos,2019.02.16 , Casco Bay Solos,https://competitionmanager.azurewebsites.net/Reports/VenueReport/170,2019,2,16
2017.02.11 - Casco Bay Solos,2017.02.11 , Casco Bay Solos,https://competitionmanager.azurewebsites.net/Reports/VenueReport/68,2017,2,11
2016.02.13 - Casco Bay Solos,2016.02.13 , Casco Bay Solos,https://competitionmanager.azurewebsites.net/Reports/VenueReport/8,2016,2,13
2018.01.13 - Central Florida Highland Games,2018.01.13 , Central Florida Highland Games,https://competitionmanager.azurewebsites.net/Reports/VenueReport/116,2018,1,13
2017.01.14 - Central Florida Highland Games,2017.01.14 , Central Florida Highland Games,https://competitionmanager.azurewebsites.net/Reports/VenueReport/66,2017,1,14
2016.01.16 - Central Florida Highland Games,2016.01.16 , Central Florida Highland Games,https://competitionmanager.azurewebsites.net/Reports/VenueReport/4,2016,1,16
2019.01.19 - Central Florida Highland Games (1/19/2019 - 1/20/2019),2019.01.19 , Central Florida Highland Games ,https://competitionmanager.azurewebsites.net/Reports/VenueReport/167,2019,1,19
2019.08.10 - Central NY Scottish Games,2019.08.10 , Central NY Scottish Games,https://competitionmanager.azurewebsites.net/Reports/VenueReport/199,2019,8,10
2018.08.11 - Central NY Scottish Games,2018.08.11 , Central NY Scottish Games,https://competitionmanager.azurewebsites.net/Reports/VenueReport/146,2018,8,11
2017.08.12 - Central NY Scottish Games,2017.08.12 , Central NY Scottish Games,https://competitionmanager.azurewebsites.net/Reports/VenueReport/96,2017,8,12
2016.08.13 - Central NY Scottish Games,2016.08.13 , Central NY Scottish Games,https://competitionmanager.azurewebsites.net/Reports/VenueReport/37,2016,8,13
2019.03.02 - Charleston Indoor Games,2019.03.02 , Charleston Indoor Games,https://competitionmanager.azurewebsites.net/Reports/VenueReport/173,2019,3,2
2018.03.03 - Charleston Indoor Games,2018.03.03 , Charleston Indoor Games,https://competitionmanager.azurewebsites.net/Reports/VenueReport/121,2018,3,3
2017.03.04 - Charleston Indoor Games,2017.03.04 , Charleston Indoor Games,https://competitionmanager.azurewebsites.net/Reports/VenueReport/71,2017,3,4
2016.03.05 - Charleston Indoor Games,2016.03.05 , Charleston Indoor Games,https://competitionmanager.azurewebsites.net/Reports/VenueReport/12,2016,3,5
2019.11.02 - Charleston Scottish Games Highland Gathering,2019.11.02 , Charleston Scottish Games Highland Gathering,https://competitionmanager.azurewebsites.net/Reports/VenueReport/214,2019,11,2
2018.11.03 - Charleston Scottish Games Highland Gathering,2018.11.03 , Charleston Scottish Games Highland Gathering,https://competitionmanager.azurewebsites.net/Reports/VenueReport/163,2018,11,3
2017.09.16 - Charleston Scottish Games Highland Gathering,2017.09.16 , Charleston Scottish Games Highland Gathering,https://competitionmanager.azurewebsites.net/Reports/VenueReport/105,2017,9,16
2016.09.17 - Charleston Scottish Games Highland Gathering,2016.09.17 , Charleston Scottish Games Highland Gathering,https://competitionmanager.azurewebsites.net/Reports/VenueReport/52,2016,9,17
2019.04.13 - Cincinnati Indoor Solo Competition,2019.04.13 , Cincinnati Indoor Solo Competition,https://competitionmanager.azurewebsites.net/Reports/VenueReport/180,2019,4,13
2018.04.07 - Cincinnati Indoor Solo Competition,2018.04.07 , Cincinnati Indoor Solo Competition,https://competitionmanager.azurewebsites.net/Reports/VenueReport/127,2018,4,7
2017.04.08 - Cincinnati Indoor Solo Competition,2017.04.08 , Cincinnati Indoor Solo Competition,https://competitionmanager.azurewebsites.net/Reports/VenueReport/76,2017,4,8
2016.04.09 - Cincinnati Indoor Solo Competition,2016.04.09 , Cincinnati Indoor Solo Competition,https://competitionmanager.azurewebsites.net/Reports/VenueReport/16,2016,4,9
2019.05.18 - Colonial Highland Games,2019.05.18 , Colonial Highland Games,https://competitionmanager.azurewebsites.net/Reports/VenueReport/185,2019,5,18
2018.05.19 - Colonial Highland Games,2018.05.19 , Colonial Highland Games,https://competitionmanager.azurewebsites.net/Reports/VenueReport/131,2018,5,19
2017.05.19 - Colonial Highland Games (5/19/2017 - 5/20/2017),2017.05.19 , Colonial Highland Games,https://competitionmanager.azurewebsites.net/Reports/VenueReport/82,2017,5,19
2016.05.20 - Colonial Highland Games (5/20/2016 - 5/21/2016),2016.05.20 , Colonial Highland Games,https://competitionmanager.azurewebsites.net/Reports/VenueReport/21,2016,5,20
2019.09.07 - Covenanter Scottish Festival,2019.09.07 , Covenanter Scottish Festival,https://competitionmanager.azurewebsites.net/Reports/VenueReport/205,2019,9,7
2018.09.08 - Covenanter Scottish Festival,2018.09.08 , Covenanter Scottish Festival,https://competitionmanager.azurewebsites.net/Reports/VenueReport/151,2018,9,8
2017.09.09 - Covenanter Scottish Festival,2017.09.09 , Covenanter Scottish Festival,https://competitionmanager.azurewebsites.net/Reports/VenueReport/104,2017,9,9
2016.09.10 - Covenanter Scottish Festival,2016.09.10 , Covenanter Scottish Festival,https://competitionmanager.azurewebsites.net/Reports/VenueReport/49,2016,9,10
2019.06.08 - Cumberland Valley Scottish Games,2019.06.08 , Cumberland Valley Scottish Games,https://competitionmanager.azurewebsites.net/Reports/VenueReport/189,2019,6,8
2019.04.06 - Dunedin Highland Games,2019.04.06 , Dunedin Highland Games,https://competitionmanager.azurewebsites.net/Reports/VenueReport/177,2019,4,6
2018.04.07 - Dunedin Highland Games,2018.04.07 , Dunedin Highland Games,https://competitionmanager.azurewebsites.net/Reports/VenueReport/125,2018,4,7
2017.04.01 - Dunedin Highland Games,2017.04.01 , Dunedin Highland Games,https://competitionmanager.azurewebsites.net/Reports/VenueReport/75,2017,4,1
2016.04.02 - Dunedin Highland Games,2016.04.02 , Dunedin Highland Games,https://competitionmanager.azurewebsites.net/Reports/VenueReport/15,2016,4,2
2019.03.23 - Dunedin Solo Contest,2019.03.23 , Dunedin Solo Contest,https://competitionmanager.azurewebsites.net/Reports/VenueReport/182,2019,3,23
2016.12.03 - Dunedin Solo Contest,2016.12.03 , Dunedin Solo Contest,https://competitionmanager.azurewebsites.net/Reports/VenueReport/64,2016,12,3
2019.09.07 - Edinboro University Highland Games,2019.09.07 , Edinboro University Highland Games,https://competitionmanager.azurewebsites.net/Reports/VenueReport/204,2019,9,7
2018.09.08 - Edinboro University Highland Games,2018.09.08 , Edinboro University Highland Games,https://competitionmanager.azurewebsites.net/Reports/VenueReport/153,2018,9,8
2017.09.09 - Edinboro University Highland Games,2017.09.09 , Edinboro University Highland Games,,2017,9,9
2016.09.10 - Edinboro University Highland Games,2016.09.10 , Edinboro University Highland Games,https://competitionmanager.azurewebsites.net/Reports/VenueReport/50,2016,9,10
2016.03.19 - Erepa Grotto Indoor Contest,2016.03.19 , Erepa Grotto Indoor Contest,https://competitionmanager.azurewebsites.net/Reports/VenueReport/13,2016,3,19
2019.07.20 - Glasgow Lands Scottish Festival,2019.07.20 , Glasgow Lands Scottish Festival,https://competitionmanager.azurewebsites.net/Reports/VenueReport/196,2019,7,20
2018.07.21 - Glasgow Lands Scottish Festival,2018.07.21 , Glasgow Lands Scottish Festival,https://competitionmanager.azurewebsites.net/Reports/VenueReport/141,2018,7,21
2017.07.15 - Glasgow Lands Scottish Festival,2017.07.15 , Glasgow Lands Scottish Festival,https://competitionmanager.azurewebsites.net/Reports/VenueReport/92,2017,7,15
2016.07.16 - Glasgow Lands Scottish Festival,2016.07.16 , Glasgow Lands Scottish Festival,https://competitionmanager.azurewebsites.net/Reports/VenueReport/32,2016,7,16
2019.08.24 - Goshen Pipe Band Challenge,2019.08.24 , Goshen Pipe Band Challenge,https://competitionmanager.azurewebsites.net/Reports/VenueReport/201,2019,8,24
2018.08.25 - Goshen Pipe Band Challenge,2018.08.25 , Goshen Pipe Band Challenge,https://competitionmanager.azurewebsites.net/Reports/VenueReport/149,2018,8,25
2017.08.19 - Goshen Pipe Band Challenge,2017.08.19 , Goshen Pipe Band Challenge,https://competitionmanager.azurewebsites.net/Reports/VenueReport/97,2017,8,19
2016.09.10 - Goshen Pipe Band Challenge,2016.09.10 , Goshen Pipe Band Challenge,https://competitionmanager.azurewebsites.net/Reports/VenueReport/51,2016,9,10
2019.07.13 - Grandfather Mountain Highland Games,2019.07.13 , Grandfather Mountain Highland Games,https://competitionmanager.azurewebsites.net/Reports/VenueReport/195,2019,7,13
2018.07.14 - Grandfather Mountain Highland Games,2018.07.14 , Grandfather Mountain Highland Games,https://competitionmanager.azurewebsites.net/Reports/VenueReport/142,2018,7,14
2017.07.08 - Grandfather Mountain Highland Games,2017.07.08 , Grandfather Mountain Highland Games,https://competitionmanager.azurewebsites.net/Reports/VenueReport/93,2017,7,8
2016.07.09 - Grandfather Mountain Highland Games,2016.07.09 , Grandfather Mountain Highland Games,https://competitionmanager.azurewebsites.net/Reports/VenueReport/30,2016,7,9
2019.07.27 - Great American Irish Festival,2019.07.27 , Great American Irish Festival,https://competitionmanager.azurewebsites.net/Reports/VenueReport/197,2019,7,27
2018.07.28 - Great American Irish Festival,2018.07.28 , Great American Irish Festival,https://competitionmanager.azurewebsites.net/Reports/VenueReport/143,2018,7,28
2017.07.29 - Great American Irish Festival,2017.07.29 , Great American Irish Festival,https://competitionmanager.azurewebsites.net/Reports/VenueReport/95,2017,7,29
2016.07.30 - Great American Irish Festival,2016.07.30 , Great American Irish Festival,https://competitionmanager.azurewebsites.net/Reports/VenueReport/35,2016,7,30
2019.05.25 - Greater Greenville Scottish Games,2019.05.25 , Greater Greenville Scottish Games,https://competitionmanager.azurewebsites.net/Reports/VenueReport/187,2019,5,25
2018.05.26 - Greater Greenville Scottish Games,2018.05.26 , Greater Greenville Scottish Games,https://competitionmanager.azurewebsites.net/Reports/VenueReport/134,2018,5,26
2017.05.26 - Greater Greenville Scottish Games (5/26/2017 - 5/27/2017),2017.05.26 , Greater Greenville Scottish Games,https://competitionmanager.azurewebsites.net/Reports/VenueReport/84,2017,5,26
2016.05.28 - Greater Greenville Scottish Games,2016.05.28 , Greater Greenville Scottish Games,https://competitionmanager.azurewebsites.net/Reports/VenueReport/23,2016,5,28
2019.10.13 - Highland Festival of Scotland CT,2019.10.13 , Highland Festival of Scotland CT,https://competitionmanager.azurewebsites.net/Reports/VenueReport/213,2019,10,13
2018.10.07 - Highland Festival of Scotland CT,2018.10.07 , Highland Festival of Scotland CT,https://competitionmanager.azurewebsites.net/Reports/VenueReport/160,2018,10,7
2017.10.08 - Highland Festival of Scotland CT,2017.10.08 , Highland Festival of Scotland CT,https://competitionmanager.azurewebsites.net/Reports/VenueReport/110,2017,10,8
2016.10.09 - Highland Festival of Scotland CT,2016.10.09 , Highland Festival of Scotland CT,https://competitionmanager.azurewebsites.net/Reports/VenueReport/57,2016,10,9
2019.02.09 - Houston Solo Piping & Drumming Competition,2019.02.09 , Houston Solo Piping & Drumming Competition,https://competitionmanager.azurewebsites.net/Reports/VenueReport/168,2019,2,9
2019.06.22 - Hudson Valley Celtic Festival,2019.06.22 , Hudson Valley Celtic Festival,https://competitionmanager.azurewebsites.net/Reports/VenueReport/192,2019,6,22
2018.06.23 - Hudson Valley Celtic Festival,2018.06.23 , Hudson Valley Celtic Festival,https://competitionmanager.azurewebsites.net/Reports/VenueReport/138,2018,6,23
2017.06.24 - Hudson Valley Celtic Festival,2017.06.24 , Hudson Valley Celtic Festival,https://competitionmanager.azurewebsites.net/Reports/VenueReport/90,2017,6,24
2016.06.25 - Hudson Valley Celtic Festival,2016.06.25 , Hudson Valley Celtic Festival,https://competitionmanager.azurewebsites.net/Reports/VenueReport/28,2016,6,25
2016.08.06 - Hunter Mountain,2016.08.06 , Hunter Mountain,https://competitionmanager.azurewebsites.net/Reports/VenueReport/36,2016,8,6
2016.10.08 - Ithaca Celtic Festival,2016.10.08 , Ithaca Celtic Festival,https://competitionmanager.azurewebsites.net/Reports/VenueReport/58,2016,10,8
2019.07.13 - Jersey Shore Piping and Drumming Classic,2019.07.13 , Jersey Shore Piping and Drumming Classic,https://competitionmanager.azurewebsites.net/Reports/VenueReport/194,2019,7,13
2018.07.14 - Jersey Shore Piping and Drumming Classic,2018.07.14 , Jersey Shore Piping and Drumming Classic,https://competitionmanager.azurewebsites.net/Reports/VenueReport/144,2018,7,14
2016.07.09 - Jersey Shore Piping and Drumming Classic,2016.07.09 , Jersey Shore Piping and Drumming Classic,https://competitionmanager.azurewebsites.net/Reports/VenueReport/31,2016,7,9
2019.09.14 - Ligonier Highland Games,2019.09.14 , Ligonier Highland Games,https://competitionmanager.azurewebsites.net/Reports/VenueReport/207,2019,9,14
2018.09.21 - Ligonier Highland Games (9/21/2018 - 9/23/2018),2018.09.21 , Ligonier Highland Games,https://competitionmanager.azurewebsites.net/Reports/VenueReport/154,2018,9,21
2017.09.23 - Ligonier Highland Games,2017.09.23 , Ligonier Highland Games,https://competitionmanager.azurewebsites.net/Reports/VenueReport/108,2017,9,23
2016.09.24 - Ligonier Highland Games,2016.09.24 , Ligonier Highland Games,https://competitionmanager.azurewebsites.net/Reports/VenueReport/53,2016,9,24
2018.04.21 - Loch Norman Highland Games,2018.04.21 , Loch Norman Highland Games,https://competitionmanager.azurewebsites.net/Reports/VenueReport/129,2018,4,21
2018.04.20 - Loch Norman Highland Games,2018.04.20 , Loch Norman Highland Games,https://competitionmanager.azurewebsites.net/Reports/VenueReport/128,2018,4,20
2017.04.08 - Loch Norman Highland Games,2017.04.08 , Loch Norman Highland Games,https://competitionmanager.azurewebsites.net/Reports/VenueReport/77,2017,4,8
2016.04.16 - Loch Norman Highland Games,2016.04.16 , Loch Norman Highland Games,https://competitionmanager.azurewebsites.net/Reports/VenueReport/5,2016,4,16
2019.04.12 - Loch Norman Highland Games (4/12/2019 - 4/13/2019),2019.04.12 , Loch Norman Highland Games ,https://competitionmanager.azurewebsites.net/Reports/VenueReport/179,2019,4,12
2019.08.17 - Maine Highland Games,2019.08.17 , Maine Highland Games,https://competitionmanager.azurewebsites.net/Reports/VenueReport/200,2019,8,17
2018.08.18 - Maine Highland Games,2018.08.18 , Maine Highland Games,https://competitionmanager.azurewebsites.net/Reports/VenueReport/148,2018,8,18
2017.08.19 - Maine Highland Games,2017.08.19 , Maine Highland Games,https://competitionmanager.azurewebsites.net/Reports/VenueReport/99,2017,8,19
2016.08.20 - Maine Highland Games,2016.08.20 , Maine Highland Games,https://competitionmanager.azurewebsites.net/Reports/VenueReport/44,2016,8,20
2019.09.07 - Middle TN Highland Games,2019.09.07 , Middle TN Highland Games,https://competitionmanager.azurewebsites.net/Reports/VenueReport/206,2019,9,7
2018.09.09 - Middle TN Highland Games,2018.09.09 , Middle TN Highland Games,https://competitionmanager.azurewebsites.net/Reports/VenueReport/156,2018,9,9
2016.07.23 - Mike Murphy Memorial Indoor,2016.07.23 , Mike Murphy Memorial Indoor,https://competitionmanager.azurewebsites.net/Reports/VenueReport/33,2016,7,23
2019.09.15 - Nassau AOH Feis,2019.09.15 , Nassau AOH Feis,https://competitionmanager.azurewebsites.net/Reports/VenueReport/208,2019,9,15
2018.09.16 - Nassau AOH Feis,2018.09.16 , Nassau AOH Feis,https://competitionmanager.azurewebsites.net/Reports/VenueReport/155,2018,9,16
2017.09.17 - Nassau AOH Feis,2017.09.17 , Nassau AOH Feis,https://competitionmanager.azurewebsites.net/Reports/VenueReport/107,2017,9,17
2016.09.18 - Nassau AOH Feis,2016.09.18 , Nassau AOH Feis,https://competitionmanager.azurewebsites.net/Reports/VenueReport/55,2016,9,18
2019.02.23 - NE FL Scottish Games,2019.02.23 , NE FL Scottish Games,https://competitionmanager.azurewebsites.net/Reports/VenueReport/172,2019,2,23
2018.02.24 - NE FL Scottish Games,2018.02.24 , NE FL Scottish Games,https://competitionmanager.azurewebsites.net/Reports/VenueReport/119,2018,2,24
2017.02.25 - NE FL Scottish Games,2017.02.25 , NE FL Scottish Games,https://competitionmanager.azurewebsites.net/Reports/VenueReport/70,2017,2,25
2016.02.27 - NE FL Scottish Games,2016.02.27 , NE FL Scottish Games,https://competitionmanager.azurewebsites.net/Reports/VenueReport/11,2016,2,27
2019.09.20 - New Hampshire Highland Games (9/20/2019 - 9/21/2019),2019.09.20 , New Hampshire Highland Games,https://competitionmanager.azurewebsites.net/Reports/VenueReport/208,2019,9,20
2018.09.21 - New Hampshire Highland Games (9/21/2018 - 9/23/2018),2018.09.21 , New Hampshire Highland Games,https://competitionmanager.azurewebsites.net/Reports/VenueReport/157,2018,9,21
2016.09.18 - New Hampshire Highland Games,2016.09.18 , New Hampshire Highland Games,https://competitionmanager.azurewebsites.net/Reports/VenueReport/54,2016,9,18
2017.09.15 - New Hampshire Highland Games (9/15/2017 - 9/17/2017),2017.09.15 , New Hampshire Highland Games ,https://competitionmanager.azurewebsites.net/Reports/VenueReport/106,2017,9,15
2019.06.09 - NJ Irish Festival,2019.06.09 , NJ Irish Festival,https://competitionmanager.azurewebsites.net/Reports/VenueReport/190,2019,6,9
2018.06.10 - NJ Irish Festival,2018.06.10 , NJ Irish Festival,https://competitionmanager.azurewebsites.net/Reports/VenueReport/136,2018,6,10
2017.06.11 - NJ Irish Festival,2017.06.11 , NJ Irish Festival,https://competitionmanager.azurewebsites.net/Reports/VenueReport/88,2017,6,11
2016.06.12 - NJ Irish Festival,2016.06.12 , NJ Irish Festival,https://competitionmanager.azurewebsites.net/Reports/VenueReport/26,2016,6,12
2019.06.22 - Ohio Scottish Games,2019.06.22 , Ohio Scottish Games,https://competitionmanager.azurewebsites.net/Reports/VenueReport/191,2019,6,22
2018.06.23 - Ohio Scottish Games,2018.06.23 , Ohio Scottish Games,https://competitionmanager.azurewebsites.net/Reports/VenueReport/140,2018,6,23
2017.06.24 - Ohio Scottish Games,2017.06.24 , Ohio Scottish Games,https://competitionmanager.azurewebsites.net/Reports/VenueReport/91,2017,6,24
2016.06.25 - Ohio Scottish Games,2016.06.25 , Ohio Scottish Games,https://competitionmanager.azurewebsites.net/Reports/VenueReport/29,2016,6,25
2019.03.23 - Ohio Valley Indoor Competition,2019.03.23 , Ohio Valley Indoor Competition,https://competitionmanager.azurewebsites.net/Reports/VenueReport/176,2019,3,23
2018.03.24 - Ohio Valley Indoor Competition,2018.03.24 , Ohio Valley Indoor Competition,https://competitionmanager.azurewebsites.net/Reports/VenueReport/122,2018,3,24
2017.03.25 - Ohio Valley Indoor Competition,2017.03.25 , Ohio Valley Indoor Competition,https://competitionmanager.azurewebsites.net/Reports/VenueReport/74,2017,3,25
2018.08.25 - Quechee Scottish Festival,2018.08.25 , Quechee Scottish Festival,https://competitionmanager.azurewebsites.net/Reports/VenueReport/150,2018,8,25
2017.08.26 - Quechee Scottish Festival,2017.08.26 , Quechee Scottish Festival,https://competitionmanager.azurewebsites.net/Reports/VenueReport/101,2017,8,26
2016.08.27 - Quechee Scottish Festival,2016.08.27 , Quechee Scottish Festival,https://competitionmanager.azurewebsites.net/Reports/VenueReport/46,2016,8,27
2019.03.30 - Red Stick Regional,2019.03.30 , Red Stick Regional,https://competitionmanager.azurewebsites.net/Reports/VenueReport/178,2019,3,30
2016.07.23 - Red Stick Regional,2016.07.23 , Red Stick Regional,https://competitionmanager.azurewebsites.net/Reports/VenueReport/34,2016,7,23
2018.06.09 - RI Scottish Highland Festival,2018.06.09 , RI Scottish Highland Festival,https://competitionmanager.azurewebsites.net/Reports/VenueReport/135,2018,6,9
2017.06.10 - RI Scottish Highland Festival,2017.06.10 , RI Scottish Highland Festival,https://competitionmanager.azurewebsites.net/Reports/VenueReport/87,2017,6,10
2016.06.11 - RI Scottish Highland Festival,2016.06.11 , RI Scottish Highland Festival,https://competitionmanager.azurewebsites.net/Reports/VenueReport/25,2016,6,11
2019.10.27 - Richmond Highland Games,2019.10.27 , Richmond Highland Games,https://competitionmanager.azurewebsites.net/Reports/VenueReport/212,2019,10,27
2018.10.27 - Richmond Highland Games,2018.10.27 , Richmond Highland Games,https://competitionmanager.azurewebsites.net/Reports/VenueReport/162,2018,10,27
2017.10.28 - Richmond Highland Games,2017.10.28 , Richmond Highland Games,https://competitionmanager.azurewebsites.net/Reports/VenueReport/112,2017,10,28
2016.10.26 - Richmond Highland Games,2016.10.26 , Richmond Highland Games,https://competitionmanager.azurewebsites.net/Reports/VenueReport/60,2016,10,26
2019.08.03 - Rockland County AOH Ceol Mor,2019.08.03 , Rockland County AOH Ceol Mor,https://competitionmanager.azurewebsites.net/Reports/VenueReport/198,2019,8,3
2018.08.04 - Rockland County AOH Ceol Mor,2018.08.04 , Rockland County AOH Ceol Mor,https://competitionmanager.azurewebsites.net/Reports/VenueReport/145,2018,8,4
2017.07.22 - Rockland County AOH Ceol Mor,2017.07.22 , Rockland County AOH Ceol Mor,https://competitionmanager.azurewebsites.net/Reports/VenueReport/94,2017,7,22
2019.02.16 - Rose & Shamrock Festival,2019.02.16 , Rose & Shamrock Festival,https://competitionmanager.azurewebsites.net/Reports/VenueReport/169,2019,2,16
2018.02.17 - Rose & Shamrock Festival,2018.02.17 , Rose & Shamrock Festival,https://competitionmanager.azurewebsites.net/Reports/VenueReport/118,2018,2,17
2019.06.30 - Round Hill Highland Games,2019.06.30 , Round Hill Highland Games,https://competitionmanager.azurewebsites.net/Reports/VenueReport/193,2019,6,30
2018.06.24 - Round Hill Highland Games,2018.06.24 , Round Hill Highland Games,https://competitionmanager.azurewebsites.net/Reports/VenueReport/137,2018,6,24
2017.06.25 - Round Hill Highland Games,2017.06.25 , Round Hill Highland Games,https://competitionmanager.azurewebsites.net/Reports/VenueReport/86,2017,6,25
2016.06.26 - Round Hill Highland Games,2016.06.26 , Round Hill Highland Games,https://competitionmanager.azurewebsites.net/Reports/VenueReport/27,2016,6,26
2017.02.04 - Sarasota Highland Games Celtic Festival,2017.02.04 , Sarasota Highland Games Celtic Festival,https://competitionmanager.azurewebsites.net/Reports/VenueReport/67,2017,2,4
2016.01.30 - Sarasota Highland Games Celtic Festival,2016.01.30 , Sarasota Highland Games Celtic Festival,https://competitionmanager.azurewebsites.net/Reports/VenueReport/7,2016,1,30
2017.01.07 - Scotia Glenville Indoor 1,2017.01.07 , Scotia Glenville Indoor 1,https://competitionmanager.azurewebsites.net/Reports/VenueReport/65,2017,1,7
2019.10.05 - Scotland Co Highland Games,2019.10.05 , Scotland Co Highland Games,https://competitionmanager.azurewebsites.net/Reports/VenueReport/209,2019,10,5
2018.10.06 - Scotland Co Highland Games,2018.10.06 , Scotland Co Highland Games,https://competitionmanager.azurewebsites.net/Reports/VenueReport/158,2018,10,6
2017.10.07 - Scotland Co Highland Games,2017.10.07 , Scotland Co Highland Games,https://competitionmanager.azurewebsites.net/Reports/VenueReport/109,2017,10,7
2016.10.01 - Scotland Co Highland Games,2016.10.01 , Scotland Co Highland Games,https://competitionmanager.azurewebsites.net/Reports/VenueReport/56,2016,10,1
2019.04.13 - Scottish Arts Indoor Festival,2019.04.13 , Scottish Arts Indoor Festival,https://competitionmanager.azurewebsites.net/Reports/VenueReport/181,2019,4,13
2018.04.06 - Scottish Arts Indoor Festival,2018.04.06 , Scottish Arts Indoor Festival,https://competitionmanager.azurewebsites.net/Reports/VenueReport/124,2018,4,6
2016.04.09 - Scottish Arts Indoor Festival,2016.04.09 , Scottish Arts Indoor Festival,https://competitionmanager.azurewebsites.net/Reports/VenueReport/18,2016,4,9
2019.03.02 - SE FL Scottish Festival,2019.03.02 , SE FL Scottish Festival,https://competitionmanager.azurewebsites.net/Reports/VenueReport/174,2019,3,2
2018.03.03 - SE FL Scottish Festival,2018.03.03 , SE FL Scottish Festival,https://competitionmanager.azurewebsites.net/Reports/VenueReport/120,2018,3,3
2017.03.04 - SE FL Scottish Festival,2017.03.04 , SE FL Scottish Festival,https://competitionmanager.azurewebsites.net/Reports/VenueReport/72,2017,3,4
2016.03.05 - SE FL Scottish Festival,2016.03.05 , SE FL Scottish Festival,https://competitionmanager.azurewebsites.net/Reports/VenueReport/10,2016,3,5
2018.02.03 - SG Indoor 2,2018.02.03 , SG Indoor 2,https://competitionmanager.azurewebsites.net/Reports/VenueReport/117,2018,2,3
2017.02.25 - SG Indoor 2,2017.02.25 , SG Indoor 2,https://competitionmanager.azurewebsites.net/Reports/VenueReport/69,2017,2,25
2016.02.27 - SG Indoor 2,2016.02.27 , SG Indoor 2,https://competitionmanager.azurewebsites.net/Reports/VenueReport/9,2016,2,27
2019.05.18 - Smoky Mountain Scottish Fest Games,2019.05.18 , Smoky Mountain Scottish Fest Games,https://competitionmanager.azurewebsites.net/Reports/VenueReport/186,2019,5,18
2018.05.19 - Smoky Mountain Scottish Fest Games,2018.05.19 , Smoky Mountain Scottish Fest Games,https://competitionmanager.azurewebsites.net/Reports/VenueReport/133,2018,5,19
2017.05.20 - Smoky Mountain Scottish Fest Games,2017.05.20 , Smoky Mountain Scottish Fest Games,https://competitionmanager.azurewebsites.net/Reports/VenueReport/83,2017,5,20
2016.05.21 - Smoky Mountain Scottish Fest Games,2016.05.21 , Smoky Mountain Scottish Fest Games,https://competitionmanager.azurewebsites.net/Reports/VenueReport/22,2016,5,21
2019.04.27 - Southern Maryland Celtic Festival,2019.04.27 , Southern Maryland Celtic Festival,https://competitionmanager.azurewebsites.net/Reports/VenueReport/183,2019,4,27
2018.04.28 - Southern Maryland Celtic Festival,2018.04.28 , Southern Maryland Celtic Festival,https://competitionmanager.azurewebsites.net/Reports/VenueReport/130,2018,4,28
2017.04.29 - Southern Maryland Celtic Festival,2017.04.29 , Southern Maryland Celtic Festival,https://competitionmanager.azurewebsites.net/Reports/VenueReport/79,2017,4,29
2016.04.30 - Southern Maryland Celtic Festival,2016.04.30 , Southern Maryland Celtic Festival,https://competitionmanager.azurewebsites.net/Reports/VenueReport/19,2016,4,30
2019.10.19 - Stone Mountain Highland Games,2019.10.19 , Stone Mountain Highland Games,https://competitionmanager.azurewebsites.net/Reports/VenueReport/211,2019,10,19
2018.10.21 - Stone Mountain Highland Games,2018.10.21 , Stone Mountain Highland Games,https://competitionmanager.azurewebsites.net/Reports/VenueReport/161,2018,10,21
2017.10.21 - Stone Mountain Highland Games,2017.10.21 , Stone Mountain Highland Games,https://competitionmanager.azurewebsites.net/Reports/VenueReport/111,2017,10,21
2016.10.15 - Stone Mountain Highland Games,2016.10.15 , Stone Mountain Highland Games,https://competitionmanager.azurewebsites.net/Reports/VenueReport/59,2016,10,15
2019.08.31 - Virginia Scottish Games,2019.08.31 , Virginia Scottish Games,https://competitionmanager.azurewebsites.net/Reports/VenueReport/203,2019,8,31
2018.09.01 - Virginia Scottish Games,2018.09.01 , Virginia Scottish Games,https://competitionmanager.azurewebsites.net/Reports/VenueReport/147,2018,9,1
2017.09.02 - Virginia Scottish Games,2017.09.02 , Virginia Scottish Games,https://competitionmanager.azurewebsites.net/Reports/VenueReport/100,2017,9,2
2016.09.03 - Virginia Scottish Games,2016.09.03 , Virginia Scottish Games,https://competitionmanager.azurewebsites.net/Reports/VenueReport/47,2016,9,3
2016.04.09 - Woodberry Forest Indoor,2016.04.09 , Woodberry Forest Indoor,https://competitionmanager.azurewebsites.net/Reports/VenueReport/14,2016,4,9
2016.01.02 - Scotia-Glenville Indoor 1,2016.01.02 ,Scotia Glenville Indoor 2,https://competitionmanager.azurewebsites.net/Reports/VenueReport/3,2016,1,2